title,thumbnail,id,type,titre,genre,begin,end,pays,domaine,content,lien wikipédia
Paul Otlet,otlet.jpg,1,Otlet,Fondateur du Mundaneum et juriste,Homme,1868,1944,Belgique,Bibliographie,"Paul Otlet est la tête pensante du Mundaneum, qui est le lieu de rassemblement de la connaissance qui héberge notamment le Répertoire Bibliographique Universel. Il a consacré toute sa vie à développer cet organisme ainsi que le réseau de personnalités et d'institutions qui l'entourent.",https://fr.wikipedia.org/wiki/Paul_Otlet
Suzanne Briet,,2,Personne,« Madame documentation »,Femme,1894,1989,France,"Documentation, Sciences de l'information","Suzanne Briet est une bibliothécaire, pionnière des sciences de l'information et de la communication (SIC) en France. Elle joue un rôle central dans la professionnalisation de la documentation à travers l'Union française des organismes de documentation (UFOD) et l'Institut national des techniques documentaires (INTD). Elle est également vice-présidente de la Fédération internationale de documentation (FID, ex-IIB). Son ouvrage de 1951, « Qu'est-ce que la documentation ? », a fait l'objet de plusieurs travaux de recherches.",https://fr.wikipedia.org/wiki/Suzanne_Briet
Melvil Dewey,,3,Personne,"Bibliothécaire, auteur de la Classification décimale",Homme,1851,1931,Etats-Unis,"Classification, Bibliothèque","Mevil Dewey est un bibliothécaire américain. Il révolutionne l'organisation des bibliothèques aux Etats-Unis, notamment en 1876 où il publie sa classification décimale. Il crée  également l'American Library Association ainsi que le Library Journal. Il met en place des structures professionnelles d'apprentissage pour les bibliothécaires.",https://fr.wikipedia.org/wiki/Melvil_Dewey
Emanuel Goldberg,,4,Personne,Inventeur du sélecteur rapide de microfilm,Homme,1881,1970,"Allemagne, Israël","Physique, Chimie, Optique, Photographie","Emanuel Goldberg est un inventeur, parmi les plus grands de son époque dans le domaine de l'optique et de la photographie. Né à Moscou, il vit en Allemagne. Il est diplômé de l'institut de chimie de Wilhelm Ostwald à Leipzig en 1906. Enlevé par les nazis en 1933, il fuit à Paris puis s'installe au Moyen-Orient. Il invente un sélecteur et projecteur de microfilms qu'il appelle machine statistique, premier système automatisé de recherche d'information.Ce dispositif est alors considérablement en avance sur son temps.",https://fr.wikipedia.org/wiki/Emanuel_Goldberg
Robert Goldschmidt,,5,Personne,Co-inventeur avec Otlet de la microfiche,Homme,1877,1935,Belgique,"Chimie, Radio, Electricité, TSF","Docteur en sciences belge, Robert Goldschmidt se distingue pour ses innovations techniques comme le dirigeable, la télégraphie ou la transmission sans fil. Il met au point le procédé du microfilm. Avec Otlet, il travaille sur un dispositif de bibliothèque mobile reposant sur des ouvrages microfichés : le bibliophoto.",https://fr.wikipedia.org/wiki/Robert_Goldschmidt
Henri La Fontaine,,6,Personne,"Homme politique, co-fondateur du Mundaneum",Homme,1854,1943,Belgique,"Pacifisme, Bibliographie, Politique","Henri La Fontaine est un homme politique socialiste. En 1913, il obtient le Prix Nobel de la Paix. Avec Paul Otlet, il collabore à un vaste réseau intellectuel en faveur de la connaissance et milite autour d'associations internationales pour la paix et pour les droits des femmes.",https://fr.wikipedia.org/wiki/Henri_La_Fontaine
Léonie La Fontaine,,7,Personne,Fondatrice de l'Office central de documentation féminine,Femme,1857,1949,Belgique,"Féminisme, Bibliographie","Féministe et pacifiste, Léonie La Fontaine se distingue par son engagement dans des associations belges et internationales pour défendre les droits des femmes, tel le Conseil national des femmes belges (CNFB). Elle participe au projet du Mundaneum en y intégrant des thèses féministes et tient à son domicile une bibliothèque pour faciliter l’orientation des filles dans leurs choix professionnels. La bibliothèque de l'association L'Université des Femmes porte son nom. C'est la sœur cadette de Henri La Fontaine.",https://fr.wikipedia.org/wiki/L%C3%A9onie_La_Fontaine
Otto Neurath,,8,Personne,"Sociologue, membre du Cercle de Vienne",Homme,1882,1945,Autriche,"Musée, Sociologie","Philosophe et sociologue autrichien, Otto Neurath crée un musée socio-économique à Vienne. Il développe un langage de représentation quantitative des données : l'Isotype. Il construit avec Otlet le réseau Mundaneum qu'il va co-diriger depuis la Hollande. Les deux hommes fusionnent même leurs idées dans le projet NOP.",https://fr.wikipedia.org/wiki/Otto_Neurath
Robert Pagès,,9,Personne,"Intellectuel, théoricien du document",Homme,1919,2007,France,"Documentation, Psychologie","Robert Pagès est connu comme homme de science, psychologue social au CNRS, et ancien résistant. Depuis 2017, il est redécouvert par les sciences de l’information et de la communication du fait de ses écrits contemporains de ceux de Suzanne Briet, notamment l'essai « Transformations documentaires et milieu culturel » (1948) et le concept d'auto-document introduit dans ce dernier.",https://fr.wikipedia.org/wiki/Robert_Pag%C3%A8s
H.G. Wells,,10,Personne,Auteur de « World Brain »,Homme,1866,1946,Royaume-Uni,"Littérature, Anticipation","H.G. Wells fut un écrivain prolifique de science-fiction, également auteur d'œuvres politiques et de vulgarisation scientifique. Il est sensible aux questions sociales, théoricien d'un ""État-Monde"". Il participe également à la rédaction de la Charte des Nations-Unies. Il intervient au Congrès mondial de 1937 suite à l'invitation de Paul Otlet pour présenter une réflexion sur un projet de ""cerveau mondial"" ",https://fr.wikipedia.org/wiki/H._G._Wells
Hippolyte Sébert,,11,Personne,"Co-fondateur de l'IIB, spécialiste de l'espéranto",Homme,1839,1930,France,"Bibliographie, Langue universelle, Esperanto, Photographie","Après une carrière militaire, Hyppolite Sébert entame une deuxième vie, consacrée aux sciences. C'est une figure incontournable de l'espéranto. Il anime le bureau bibliographique de Paris depuis 1898, en lien avec l'Institut international de bibliographie (IIB) de Henri La Fontaine et Paul Otlet. Il collabore régulièment avec ces derniers.",https://fr.wikipedia.org/wiki/Hippolyte_Sebert
Die Brücke,,12,Institution,Institut consacré à l'organisation du savoir et à la standardisation,,1911,1913,Allemagne,"Bibliographie, Documentation","Die Brücke (Internationales Institut zur Organisierung der geistigen Arbeit Die Brücke) est une association bibliographique créée à l'initiative de Wilhem Ostwald. Elle se consacre à la standardisation et à l'organisation internationale du travail intellectuel. Paul Otlet en est nommé président honoraire. Organisme éphémère, ses travaux auront une influence durable, notamment sur l'institut allemand de normalisation (DIN).",https://en.wikipedia.org/wiki/Die_Br%C3%BCcke_(institute)
OIB / IIB / FID,,13,Institution,"OIB, puis IIB et enfin FID",,1895,2002,Belgique,"Bibliographie, Coopération, Documentation","L'Office international de bibliographie (OIB) est fondé en 1895 par Otlet et La Fontaine. Le Répertoire bibliographique universel, qui en constitue la principale réalisation, est un outil intellectuel de partage de la connaissance et de recherche (parfois surnommé « Google de papier »). L'office deviendra successivement Institut international de bibliographie (IIB) puis Fédération internationale de documentation (FID).",https://fr.wikipedia.org/wiki/Institut_international_de_bibliographie
Mundaneum,,14,Institution,Le projet phare de Paul Otlet,,1920,,Belgique,"Coopération, Documentation, Musée","Le Mundaneum est le projet phare de Paul Otlet, dans tous les sens du terme. C'est l'œuvre à laquelle il travaille toute sa vie, celle qui résume sa double ambition en matière d'avancement des connaissances et de paix entre les hommes. Le Mundaneum est à la fois une idée, un réseau et un lieu. Centre intellectuel créé en 1920 au Palais du Cinquantenaire (Bruxelles), il accueille toutes les activités dans lesquelles s'implique Otlet : bibliographie, patrimoine, recherche, coopération internationale, militantisme. Le Mundaneum est aujourd'hui incarné par le musée et centre d'archives du même nom à Mons, en Belgique.",https://fr.wikipedia.org/wiki/Mundaneum
Conférence de Bruxelles 1908,,15,Évènement,Conférence internationale de bibliographie et de documentation,,1908,,Belgique,"Bibliographie, Documentation",La quatrième conférence internationale de bibliographie et de documentation a lieu à Bruxelles en 1908 à l'initiative de Paul Otlet. Elle jette les bases du congrès qui aura lieu deux ans plus tard.,https://catalogue.mundaneum.org/index.php/Detail/objects/120196
Congrès de Bruxelles 1910,,16,Évènement,Congrès international de bibliographie et de documentation,,1910,,Belgique,"Bibliographie, Documentation","Le premier congrès international de bibliographie et de documentation se tient à Bruxelles en 1910. Il a un grand retentissement et contribue à diffuser plus largement le concept de documentation. 1910 est une année importante pour les travaux de Paul Otlet et Henri La Fontaine en matière de coopération, puisque se tient également un congrès des associations internationales.",https://catalogue.mundaneum.org/index.php/Detail/objects/120408
Congrès de Paris 1937,,17,Évènement,Congrès mondial de la documentation universelle,,1937,,France,"Bibliographie, Documentation","Le premier congrès mondial de la documentation universelle se tient du 16 au 21 août 1937 à Paris, durant l'exposition universelle. Des délégués de 45 pays se réunissent pour discuter des moyens par lesquels toute l'information du monde, sous forme imprimée, manuscrite ou autre, pourrait être efficacement organisée et rendue accessible.",https://catalogue.mundaneum.org/index.php/Detail/objects/76839
Edouard Otlet,,18,Personne,Père de Paul Otlet,Homme,1842,1907,Belgique,"Industrie, Transports, Famille","Père de Paul Otlet. Entrepreneur investi dans les technologies des transports, il fait fortune grâce au tramway et à travers différentes entreprises qu'il exploite, notamment au Congo belge. Sa mauvaise gestion et une crise économique en 1900 auront raison de son entreprise. Vers la fin de la vie de son père, Paul Otlet intervient pour gérer les restes de cet empire.",https://fr.wikipedia.org/wiki/%C3%89douard_Otlet
Wilhelm Ostwald,,19,Personne,"Chimiste, fondateur de Die Brücke",Homme,1853,1932,Allemagne,"Chimie, Radio, Electricité","Prix Nobel de Chimie en 1909, Wilhelm Ostwald est le créateur de la chimie physique moderne. C'est un universaliste : il imagine une norme monétaire, mais s'investit également dans plusieurs projets de langue internationale comme l'espéranto, sa dérivée l'Ido ou encore le Weltdeutsch. Il fonde Die Brücke en vue d'organiser le travail intellectuel à l'échelle internationale.",https://fr.wikipedia.org/wiki/Wilhelm_Ostwald
CDU,,20,Œuvre,Classification décimale universelle,,1895,,Belgique,"Classification, Documentation","La classification décimale universelle (CDU) est un système de classification de bibliothèque développé par Paul Otlet et Henri La Fontaine à l’Institut international de bibliographie en 1895, à partir de la classification décimale de Dewey (CDD), et avec l’autorisation de Melvil Dewey. Elle a connu plusieurs éditions depuis 1905. Elle a été traduite en 40 langues.",https://fr.wikipedia.org/wiki/Classification_d%C3%A9cimale_universelle
INTD,,21,Institution,Institut national des techniques de la documentation,,1950,,France,Documentation,"L’Institut national des sciences et techniques de la documentation (INTD) est un institut du Conservatoire national des arts et métiers (CNAM), formant des spécialistes de l’information et de la documentation. Il a été fondé en 1950 et se trouve à Paris. Sa première directrice était Suzanne Briet.",https://fr.wikipedia.org/wiki/Institut_national_des_techniques_de_la_documentation
Georges Lorphèvre,,22,Personne,Secrétaire d'Otlet au Mundaneum,Homme,1912,1997,Belgique,Documentation,"Georges Lorphèvre est un proche collaborateur de Paul Otlet, prenant la relève de Louis Masure en tant que secrétaire personnel. Après la mort d'Otlet, il continue à enrichir les collections au Mundaneum.",
Cato Van Nederhasselt,,23,Personne,Épouse de Paul Otlet,Femme,1864,1958,Belgique,Mécénat,"Cato Van Nederhasselt, de nationalité hollandaise, est issue d'une famille aisée. Elle devient la seconde femme de Paul Otlet et soutient les projets de son mari, notamment financièrement. ",
Le Corbusier,,24,Personne,Architecte,Homme,1887,1965,"France, Suisse",Architecture,"Charles-Edouard Jeanneret, dit le Corbusier, est un architecte représentatif du mouvement moderne. Son style est largement dominé par le fonctionnalisme. Il échange avec Otlet au sujet des projets de cité mondiale. Le projet est d'ailleurs un temps envisagé du côté de Genève.",https://fr.wikipedia.org/wiki/Le_Corbusier
Auguste Beernaert,,25,Personne,Politicien et prix Nobel,Homme,1829,1912,Belgique,"Pacifisme, Politique","Homme politique catholique, Auguste Beernaert reçoit le prix Nobel de la paix en 1909. Il représente la Belgique au premier Congrès de la Paix à La Haye en 1899.",https://fr.wikipedia.org/wiki/Auguste_Beernaert
Charles Buls,,26,Personne,"Homme politique, fondateur de la ligue de l'enseignement",Homme,1837,1914,Belgique,"Sociologie, Enseignement","Bourgmestre de la ville de Bruxelles, Charles Buls est un ardent défenseur du patrimoine. Il crée la Ligue de l'enseignement belge. Franc-maçon, il appartenait à la même loge que Henri La Fontaine, Les Amis Philanthropes.",https://fr.wikipedia.org/wiki/Charles_Buls
Andrew Carnegie,,27,Personne,"Magnat de l'industrie, mécène des bibliothèques",Homme,1835,1919,Etats-Unis,"Industrie, Pacifisme, Bibliothèque, Mécénat","Magnat de l'industrie, Andrew Carnegie consacrera sa fortune à de nombreuses fondations philanthropiques comme celle pour la paix internationale ou celles dédiées aux bibliothèques dans le monde.",https://fr.wikipedia.org/wiki/Andrew_Carnegie
Louis Couturat,,28,Personne,"Philosophe, mathématicien, inventeur de l'Ido",Homme,1868,1914,France,"Langue universelle, Philosophie, Mathématique","Mathématicien et philosophe français, Louis Couturat est un pacifiste engagé dans la défense d'une langue internationale, l'IDO.",https://fr.wikipedia.org/wiki/Louis_Couturat
Ovide Decroly,,29,Personne,"Médecin, pédagogue réformateur",Homme,1871,1932,Belgique,"Pédagogie, Médecine, Sociologie","Pédagogue et médecin, Ovide Decroly s'intéresse aux troubles de l'enfant. Membre du mouvement d'Education nouvelle, il développe une approche psychologique inédite surnommée le «plan Decroly».",https://fr.wikipedia.org/wiki/Ovide_Decroly
Hector Denis,,30,Personne,Recteur de l'Université Libre de Bruxelles,Homme,1842,1913,Belgique,"Sociologie, Université","Recteur de l'Université Libre de Bruxelles (ULB) et Membre de la société des études sociales et politiques, Hector Denis déclenche une grave crise universitaire en invitant l'anarchiste Elisée Reclus en 1892. Ceci résultera en un schisme deux ans plus tard, avec la création de l'Université nouvelle autour des partisans d'une réforme sociale.",https://fr.wikipedia.org/wiki/Hector_Denis
Edouard Descamps,,31,Personne,"Homme politique, pacifiste",Homme,1847,1933,Belgique,"Bibliographie, Pacifisme, Culture","Edouard Descamps est un homme politique catholique belge, pacifiste et anti-esclavagiste. En 1907, il obtient le premier portefeuille de la culture en Belgique (Ministère des sciences et des Arts).",https://fr.wikipedia.org/wiki/%C3%89douard_Descamps
Adolphe Ferrière,,32,Personne,"Pédagogue, partisan d'une école nouvelle",Homme,1879,1960,Suisse,Pédagogie,"Pédagogue suisse, Adolphe Ferrière est un des fondateurs du mouvement de l'éducation nouvelle. En 1921, il crée la Ligue internationale pour l'éducation nouvelle, dont il rédige la charte.",https://fr.wikipedia.org/wiki/Adolphe_Ferri%C3%A8re
Alfred Hermann Fried,,33,Personne,"Journaliste, pacifiste, partisan de l'espéranto",Homme,1864,1921,Autriche,Pacifisme,Alfred Hermann Fried est libraire puis journaliste militant. Il obtient le prix Nobel de la paix en 1911. Il est l'auteur d'un manuel et de dictionnaires d'Esperanto.,https://fr.wikipedia.org/wiki/Alfred_Hermann_Fried
Patrick Geddes,,34,Personne,"Savant, penseur et précurseur influent",Homme,1854,1932,Écosse,"Biologie, Sociologie, Urbanisme","Théoricien majeur de l'urbanisme, Patrick Geddes introduit la notion d'environnement dans le développement des villes. Il crée de multiples projets architecturaux, urbanistiques et encyclopédiques. Son Collège des Écossais est une tentative de cité universitaire internationale. Il échange pendant des années avec Paul Otlet en langue française.",https://fr.wikipedia.org/wiki/Patrick_Geddes
Herbert Haviland Field,,35,Personne,Fondateur du Concilium Bibliographicum,Homme,1876,1921,Etats-Unis,"Bibliographie, Zoologie","Fondateur du Concilium Bibliographicum, Herbert Haviland Field publie les bibliographies de zoologie et de physiologie. Pour cela, il améliore la classification de Dewey dans ces matières.",https://en.wikipedia.org/wiki/Herbert_Haviland_Field
Paul Héger,,36,Personne,"Biologiste, recteur de l'Université libre de Bruxelles",Homme,1846,1925,Belgique,"Physiologie, Sociologie","Oncle de Paul Otlet et médecin précurseur et recteur de l'Université libre de Bruxelles, Paul Héger développe un enseignement plus expérimental de la médecine. Son travail lui vaut le soutien de l'industriel Ernest Solvay pour la création de l'Institut de Physiologie.",https://fr.wikipedia.org/wiki/Paul_H%C3%A9ger
Josefa Joteyko,,37,Personne,"Médecin, spécialiste de pédagogie",Femme,1866,1928,Pologne,"Pédagogie, Physiologie","Docteure en médecine, Josefa Joteyko s'interesse à la psychologie du travail et devient cheffe de travaux en psychophysiologie. Elle fonde la Faculté internationale de pédologie après le premier congrès de pédologie de 1911 et devient membre de la Société des Nations.",https://fr.wikipedia.org/wiki/J%C3%B3zefa_Joteyko
Georges Lecointe,,38,Personne,Militaire et scientifique,Homme,1869,1929,Belgique,Géographie,"Georges Lecointe est membre de la seconde expédition polaire belge aux côtés d'Adrien de Gerlache sur le Belgica. Il devient directeur de la section astronomie de l'observatoire d'Uccle, puis directeur de l'observatoire. Il dirige également l'Institut polaire international qui fait partie de l'OIB.",https://fr.wikipedia.org/wiki/Georges_Lecointe_(officier)
Léon Losseau,,39,Personne,"Bibliophile et mécène, contributeur à la CDU",Homme,1869,1949,Belgique,"Bibliographie, Droit, Mécénat","Avocat bibliophile, Léon Losseau a contribué à la conception de la CDU et plus précisément de la classe 3, consacrée au droit et aux sciences sociales. C'est aussi un collectionneur de médailles et l'auteur d'une encyclopédie dédiée au Hainaut.",https://fr.wikipedia.org/wiki/L%C3%A9on_Losseau
Octave Maus,,40,Personne,"Écrivain, esthéte, critique d'art",Homme,1856,1919,Belgique,"Art, Presse","Avocat et critique d'art, Octave Maus participe au mouvement de la Libre-Esthétique. Aux côtés de Vandervelde et de Picard, il anime la revue L' Art Moderne.",https://fr.wikipedia.org/wiki/Octave_Maus
Gaston Moch,,41,Personne,"Ancien militaire, pacifiste et espérantiste
",Homme,1859,1935,France,"Pacifisme, Langue universelle, Espéranto","Après une carrière dans l'armée française, Gaston Moch se consacre au pacifisme. Espérantiste, il s'engage dans la défense des droits de l'homme.",https://fr.wikipedia.org/wiki/Gaston_Moch
Frédéric Passy,,42,Personne,Economiste et pacifiste,Homme,1822,1912,France,"Pacifisme, Sociologie, Économie","Cet économiste et homme politique français est un pionnier du mouvement pacifiste et s'engage pour le féminisme, contre l'esclavagisme. Il est lauréat du Prix Nobel de la paix en 1901.",https://fr.wikipedia.org/wiki/Fr%C3%A9d%C3%A9ric_Passy
Edmond Picard,,43,Personne,"Avocat, juriste
",Homme,1836,1924,Belgique,"Droit, Encyclopédie, Art, Université","Figure imposante du barreau, ce juriste met au point une encyclopédie de la jurisprudence belge (les pandectes). Ami d'Edouard Otlet, il engage Paul Otlet sur ce chantier immense. En politique, il se bat pour le suffrage universel et devient sénateur socialiste.",https://fr.wikipedia.org/wiki/Edmond_Picard
Marie Popelin,,44,Personne,Docteure en droit et féministe,Femme,1846,1913,Belgique,"Droit, Féminisme","Diplômée en droit, Marie Popelin crée en 1892 la première association féministe belge, la Ligue du droit des femmes. Son action est déterminante pour la revendication de nouveaux droits.",https://fr.wikipedia.org/wiki/Marie_Popelin
Charles Richet,,45,Personne,"Savant, pacifiste",Homme,1850,1935,France,"Physiologie, Bibliographie","Pacifiste et patriote, Charles Richet est un physiologue français qui obtient le prix nobel de médecine en 1913. Il participe à la CDU. Certains de ses travaux sont jugés désormais eugénistes. Il effectue également des recherches sur le paranormal.",https://fr.wikipedia.org/wiki/Charles_Richet
Nikolaï Roubakine,,46,Personne,"Écrivain, bibliographe",Homme,1862,1946,Russie,Bibliothèque,"Nicolaï Roubakine consacre toute sa vie au livre, passion dont il hérite avec une immense bibliothèque de sa mère bibliothécaire. Ses sympathies pour les socialistes révolutionnaires le poussent à s'expatrier. Ami de Paul Otlet, ils collaborent sur les questions bibliographiques et éducatives.",https://fr.wikipedia.org/wiki/Nikola%C3%AF_Roubakine
Jules Siegfried,,47,Personne,"Avocat, homme politique, féministe",Homme,1837,1922,France,"Pacifisme, Féminisme, Enseignement",Jules Siegfried est un homme politique français. Il fait passer une loi qui favorise l'habitation à bon marché.,https://fr.wikipedia.org/wiki/Jules_Siegfried
Ernest Solvay,,48,Personne,"Entrepreneur, chimiste et inventeur",Homme,1838,1822,Belgique,"Industrie, Sociologie, Mécénat","Ami de Paul Otlet et instigateur de projets et d'institutions scientifiques et documentaires, la réussite d'Ernest Solvay est due à fabrication de la soude. Il investit sa fortune dans la recherche scientifique et notamment dans les congrès internationaux de Physique et de Chimie. Voir aussi l'exposition virtuelle qui lui est consacrée au Mundaneum : https://artsandculture.google.com/exhibit/QQ8X_Kko?hl=fr",https://fr.wikipedia.org/wiki/Ernest_Solvay
Emile Vandervelde,,49,Personne,Homme politique socialiste,Homme,1856,1938,Belgique,"Sociologie, Socialisme",Emile Vandervelde est le président du parti socialiste belge (POB). Le suffrage des femmes et la démocratie sociale caractérisent sa politique. Il enseigne à l'Université libre de Bruxelles. Il fait partie des administrateurs de l'Institut de sociologie fondé par Solvay.,https://fr.wikipedia.org/wiki/%C3%89mile_Vandervelde
Cyrille Van Overbergh,,50,Personne,Sociologue et homme politique,Homme,1866,1959,Belgique,"Sociologie, Socialisme","Homme politique, il a été secrétaire général du Ministère des sciences et des arts, et directeur général de l'Enseignement supérieur, des Sciences et des Lettres, Belgique en 1910. Il dirige l'Union des associations internationales avec Otlet et La Fontaine. Sociologue, il est membre de l'Institut de sociologie Solvay et de l'Institut international de sociologie.",https://nl.wikipedia.org/wiki/Cyrille_Van_Overbergh
Emile Verhaeren,,51,Personne,"Poète, critique d'art",Homme,1855,1916,Belgique,"Art, Littérature","Poète et critique d'art passionné, Emile Verhaeren atteint la renommée mondiale pour son avant-garde et son expressionnisme. Son oeuvre est traduite et discutée de son vivant. Ami d'Edmond Picard, il participe à la revue L' Art Moderne. Il est cousin germain de Maria Van Mons, la mère de Paul Otlet.",https://fr.wikipedia.org/wiki/%C3%89mile_Verhaeren
Bertha Von Suttner,,52,Personne,"Écrivaine, pacifiste",Homme,1843,1914,Autriche,"Pacifisme, Presse, Littérature","Bertha Von Suttner est une militante pacifiste autrichienne, connue notamment grâce à son roman Bas les Armes. Elle reçoit le Prix Nobel de la paix en 1905.",https://fr.wikipedia.org/wiki/Bertha_von_Suttner
Emile Waxweiler,,53,Personne,"Ingénieur, directeur de l'Institut de sociologie",Homme,1867,1916,Belgique,"Sociologie, Pédagogie","Premier directeur de l'Institut de sociologie fondé par Solvay, Emile Waxweiler est un statisticien qui se spécialise dans la sociologie fonctionnelle. À l'Université libre de Bruxelles, c'est un pédagogue réformateur.",https://fr.wikipedia.org/wiki/%C3%89mile_Waxweiler
Institut de Sociologie Solvay,,54,Institution,"Institution savante, voisine de l'OIB",,1902,,Belgique,Sociologie,"En Belgique, la question sociale agite l'élite politique progressiste. L' Institut de sociologie est mis en place sous l'impulsion d'Ernest Solvay. Il s'appuye sur des groupes d'études spécialisés et des semaines sociales. L’institut de sociologie Solvay a été précédé d’un Institut des sciences sociales fondé en 1894 à l’Hôtel Ravenstein. Dans le même bâtiment se trouvait l’Office international de bibliographie sociologique créé l’année précédente par Otlet et La Fontaine. Ces deux institutions, proches physiquement comme intellectuellement, coopérèrent de manière fructueuse pendant quelques années. Toutes deux étaient dédiées à des sciences naissantes et liées entre elles.",https://en.wikipedia.org/wiki/Solvay_Institute_of_Sociology
Société d'études sociales et politiques,,55,Institution,Institution savante,,1890,,Belgique,"Sociologie, Politique","Cette société créée en 1890 par Auguste Couvreur, mélange de personnalités progressistes, se structure autour d'une bibliothèque, d'un service bibliographique et d'une revue.",
Congrès universels de la Paix,,56,Institution,Institution,,1889,1939,,Pacifisme,"Première réalisation du mouvement pacifiste, les Congrès universels de la Paix se réunissent annuellement depuis 1889.",https://fr.wikipedia.org/wiki/Congr%C3%A8s_universels_pour_la_paix
Union interparlementaire,,57,Institution,Acteur de la coopération institutionnelle multilatérale,,1889,,,"Pacifisme, Politique","Regroupement des parlements souverains, l'UI est une institution internationale politique dont la création est dominée en 1889 par le pacifisme.",https://fr.wikipedia.org/wiki/Union_interparlementaire
L'Art moderne,,58,Institution,"Revue d'art, carrefour intellectuel",,1881,1914,Belgique,"Art, Presse","Cette revue d'art est créée par Edmond Picard, Octave Maus et Emile Verhaeren. Elle est le symbole de l'art social. Véritable expression culturelle et artistique, cette revue est à la pointe de la modernité.",https://fr.wikipedia.org/wiki/L%27Art_moderne
Université nouvelle de Bruxelles,,59,Institution,Université indépendante et gratuite,,1894,1919,Belgique,"Education, Université","Née d'une crise démocratique de l'Université de Bruxelles, l'université nouvelle propose un enseignement universitaire gratuit de 1894 à 1919. De cette expérience demeure l'institut des Hautes études de Belgique.",https://fr.wikipedia.org/wiki/Universit%C3%A9_nouvelle_de_Bruxelles
Frits Donker Duyvis,,60,Personne,Successeur de Paul Otlet à la direction de la FID,Homme,1894,1961,Pays-Bas,"Documentation, Bibliothèque",Frits Donker Duyvis est un bibliothécaire néerlandais qui prend la suite d'Otlet dans les activités de la Fédération internationale de la documentation (FID).,
Bureau International de la Paix,,61,Institution,Plus ancienne organisation mondiale en faveur de la paix,,1891,,Suisse,Pacifisme,"Créé en 1891, le Bureau international de la paix (BIP) se charge de coordonner l'activité des différentes associations pacifistes.",https://fr.wikipedia.org/wiki/Bureau_international_de_la_paix
Institut de Physiologie Solvay,,62,Institution,Institution-sœur de l'Institut de Sociologie,,1891,,Belgique,Physiologie,L' institut de physiologie est créé en 1891 à l'initiative d'Ernest Solvay à l'Université Libre de Bruxelles et est situé dans le parc Léopold de Bruxelles. Son premier directeur est Paul Héger. Il va être le lieu des conférences Solvay qui vont accueillir les plus grands noms de la physique de l'époque.,https://data.bnf.fr/11749215/institut_solvay_de_physiologie_bruxelles/
Institut de Pédologie,,63,Institution,Institution,,,,Belgique,Pédagogie,"L' Institut de pédologie désigne le projet d'une nouvelle science : la pédologie en tant que science de l'enfance et de l'éducation. Le concept de pédologie va rester dominant jusqu'à ce que s'impose celui de sciences de l'éducation. Le projet est porté par une volonté transdisciplinaire et les travaux de collecte documentaire, de prise de notes, de Ferrière, Claparède. L' institut repose sur l'institut Rousseau de Genève.",
Prix Nobel,,64,Institution,"Récompenses prestigieuses, dont le prix Nobel de la paix",,1901,,Suède,"Science, Pacifisme","Association créée à l'initiative d'Alfred Nobel, elle attribue chaque année depuis 1901 des prix dont le Nobel de la Paix.",https://fr.wikipedia.org/wiki/Prix_Nobel
Congrès international des habitations à bon marché,,65,Institution,Mouvement qui fait émerger la question du logement,,1889,,Belgique,Urbanisme,"Le premier Congrès international des habitations à bon marché est organisé en 1889 à Paris. Par la suite, il se constitue en un comité permanent situé à Bruxelles qui sert de lien entre les acteurs de ce secteur.",
Conseil de Physique,,66,Institution,Institution,,,,,Physique,Le conseil de Physique ou conseil international de Physique désigne les congrès Solvay qui vont réunir des savants de premier ordre.,https://fr.wikipedia.org/wiki/Habitation_%C3%A0_bon_march%C3%A9
Union de la presse périodique belge,,67,Institution,Institution,,1891,,Belgique,Presse,Cette association réunit des professionnels de la presse liée au projet du Musée international de la presse dont le but est la conservation des journaux parus sous forme d'un dépôt légal officieux. Paul Otlet en est le vice-président puis le président à la suite d'Octave Maus.,https://fr.wikipedia.org/wiki/Mus%C3%A9e_international_de_la_presse
Anna Oderfeld,,68,Personne,Elle collabore à des projets éducatifs et muséaux. Elle fait notamment partie avec Otlet et Neurath du projet NOP. ,Femme,1895,1958,Pologne,Éducation,Anne ou Anna Oderfeld travaille avec Paul Otlet et Otto Neurath (NOP). Elle développe des travaux dans les domaines éducatifs et au niveau de la didactique des musées.,
Concilium Bibliographicum,,69,Institution,Institution partenaire,,1895,1914,"USA, Suisse","Documentation, Bibliographie","Le Concilium Bibliographicum, l’une des plus grandes initiatives d’information scientifique du début du XXe siècle, a été créé par un zoologiste américain idéaliste, Herbert Haviland Field, à Zurich, en 1895. L 'objectif était de fournir une couverture complète de la littérature scientifique sur la zoologie dans toutes les langues en utilisant les techniques les plus sophistiquées alors disponibles: fiches de catalogue  pour plus de flexibilité, une recherche rapide et une mise à jour constante; et recherche rapide et description du sujet rigoureusement détaillée à l'aide de la classification décimale universelle mise au point à l'Institut international de bibliographie par Paul Otlet et Henri La Fontaine à Bruxelles (Belgique), également créée en 1895. L'objectif était de fournir un service d'abonnement bimensuel ou mensuel sur des fiches pouvant être classées par sujet pour fournir une bibliographie toujours à jour sur la zoologie et la littérature associée",https://en.wikipedia.org/wiki/Concilium_Bibliographicum
NOP,,70,Institution,Projet partagé de Paul Otlet et Otto Neurath,,,,"Belgique, Autriche","Documentation, bibliographie, muséologie","NOP ou ""Novus Orbis Pictus"" voire New Orbis Neurath to Paul Otlet, July Pictus NOP désigne aussi ""Neurath Otto-Otlet Paul"". C'est un projet commun entre les deux hommes pour rassembler des projets type Mundaneum, encyclopédie et plus particulièrement mettre en place des expositions didactiques.",
Elisée Reclus,,71,Personne,Sociologue et anarchiste,Homme,,,France,"Géographie, Sociologie, Anarchisme","Elisée Reclus est un géographe et sociologue nommé à l'Université Libre de Bruxelles, ce qui va amener la scission. Soutenu à l'époque par Henri La Fontaine, il a aussi échangé avec Paul Otlet.",
Hendrik Christian Andersen,,72,Personne,"Sculpteur, projet de cité mondiale",Homme,,,"USA, Norvège",Architecture,Andersen va être le principal partenaire pour la réalisation des plans de la cité mondiale.,https://fr.wikipedia.org/wiki/Hendrik_Christian_Andersen
Cité Mondiale,,73,Institution,Institution,,,,,Politique,"Projet international voire supranational d'un cité idéale dans laquelle seraient regroupées les institutions de pouvoir, de savoir et de paix.",https://fr.wikipedia.org/wiki/Cit%C3%A9_mondiale
Ernest Hébrard,,74,Personne,"Architecte
",Homme,,,France,"Architecture, Urbanisme, Archéologie",Hébrard participe activement aux réflexions et aux pistes de développement d'une cité mondiale.,https://fr.wikipedia.org/wiki/Ernest_H%C3%A9brard
Shiyali Ramamrita Ranganathan,,75,Personne,Bibliothécaire,Homme,1892,1972,Inde,Bibliothéconomie,Ranganathan est un mathématicien qui devient bibliothécaire après avoir été recruté durant un concours en Inde. Il décide alors de se former à la bibliothéconomique en Angleterre. Il propose une nouvelle classification moins occidentale : la classification à facettes. Il élabore les 5 lois de la bibliothéconomie.,https://fr.wikipedia.org/wiki/Shiyali_Ramamrita_Ranganathan
Watson Davis,,76,Personne,Créateur de l'Institut américain de documentation,Homme,,,Etats-Unis,Documentation,"Davis est le créateur de l'Institut américain de documentation, basé sur les idées de Paul Otlet.",https://en.wikipedia.org/wiki/Watson_Davis
Edouard Claparède,,77,Personne,"Médecin, neurologue et psychologue",Homme,1873,1940,Suisse,"Médecine, Education","Ami de Paul Otlet avec qui il échange notamment durant les périodes du transfert potentiel du Mundaneum en Suisse. Docteur, neurologiste et psychologue, il consacre ses travaux à l'éducation des enfants.",https://fr.wikipedia.org/wiki/%C3%89douard_Clapar%C3%A8de
Gaston Mertens,,78,Personne,Collectionneur et soutien de la presse,Homme,,,Belgique,Presse,"Membre de l'Union de la presse périodique belge, Gaston Mertens est un collectionneur de journaux. Il collabore activement à la création du Musée de la Presse. C'est un ami de Paul Otlet.",
Louis Masure,,79,Personne,Secrétaire de l'IIB,Homme,,,Belgique,Bibliographie,"Louis Masure devient en 1896 collaborateur de l'Institut International de Bibliographie. En tant que secrétaire, il réalise un travail important auprès de Paul Otlet et Henri La Fontaine: gestion du personnel et suivi des travaux.",
Charles Sury,,80,Personne,Bibliothécaire de l'IIB,Homme,,,Belgique,"Sociologie, Bibliothèque, Féminisme","Bibliothécaire au sein de l'IIB, Charles Sury rejoint la bibliothèque de l'Université.",
Congrès de Copenhague,,81,Évènement,Congrès,,,,Danemark,"Science, Documentation","En 1935 se déroulent à Copenhague, les congrès de documentation et celui pour l'unité de la science",
Jean Delville,,82,Personne,Peintre et poète,Homme,1867,1953,Belgique,"Peinture, arts","Jean Delville est un peintre, poète et théoricien de l'art. Il est très influencé dans ses oeuvres par l'ésotérisme. Certaines de ses toiles sont exposées au Palais Mondial et notamment son Prométhée qu'on peut apercevoir sur des photos d'archives.",https://fr.wikipedia.org/wiki/Jean_Delville
République métapolitique et supranationale,,83,Institution,Institution,,,,,Politique,Paul Otlet est le représentant pour la Belgique. Le secrétariat du projet est installé au Palais Mondial.,
Henry-Léon Follin,,84,Personne,Créateur de la République métapolitique et supranationale,Homme,1866,1949,France,"economie, politique","Henry-Léon Follin est un auteur et activiste pour la mise en place d'une institution supranationale et cosmopolitite. Il publie en 1896, un ouvrage ancré dans la doctrine libérale au sens économique.",
François Garas,,85,Personne,Architecte et peintre,Homme,1966,,France,architecture/peinture,François Garas est un architecte français qui va être inspiré par les travaux d'Otlet notamment autour du Mundaneum.,https://fr.wikipedia.org/wiki/Fran%C3%A7ois_Garas
George Sarton,,86,Personne,Historien des sciences,Homme,1884,1956,Belgique,histoire des sciences,"Georges Sarton est un historien des sciences. Il donne une conférence en 1913 à l'invitation d'Otlet pour le  second congrès mondial de l'Union des associations internationales. Contraint de fuir la Belgique, il devient universitaire aux Etats-Unis après avoir reçu notamment le soutien de la fondation Carnegie. ",https://fr.wikipedia.org/wiki/George_Sarton
Milisa Coops,,87,Personne,Assiste Paul Otlet dans la préparation du Traité de documentation,Femme,1912,2006,Pays-Bas,"Bibliothéconomie, documentation","Wilhelmina Emilia Suzanna Coops, dit Milisa Coops est la fille de Johan Willem Georg Coops, un ami à Paul Otlet. Elle vient aider Paul Otlet dans sa tâche de mettre en forme le traité de Documentation. Elle appelle Otlet son oncle. Elle fait par la suite une carrière en tant que bibliothécaire notamment à l'Unesco.",
Adolphe Quetelet,,88,Personne,Chercheur,Homme,1796,1874,Belgique,"mathématicien, astronome, naturaliste et statisticien","Lambert Adolphe Jacques Quetelet est un scientifique éclectique à l'origine de nombreuses insitutions scientifiques, notamment un observatoire à Bruxelle, le premier congrès international de statistique et la première conférence maritime internationale débouchant sur la création de l’Organisation météorologique internationale.",https://fr.wikipedia.org/wiki/Adolphe_Quetelet
Albert Thomas,,89,Personne,Militant,Homme,1878,1932,France,homme politique,"C'est un militant syndicaliste, membre de la Section française de l'Internationale ouvrière (SFIO) qui deviendra le Parti socialiste français. Il est durant la Première Guerre mondiale le ministre en charge de l'armement et du travail en temps de guerre. Il devient par la suite le premier directeur du Bureau international du travail, institution rattachée à la Société des Nations (SDN).",https://fr.wikipedia.org/wiki/Albert_Thomas_(homme_politique)
Aleksandr Nikolaevich Briantchaninoff de Starya Lipy,,90,Personne,Diplomate,Homme,1871,1960,Russie,"sociologue, psychologue","Président de l'Association Nationale Russe pour la Ligue des Nations (ANRLN), membre des associations internationales de sociologie et psychologie, il s'investit pour la création d'une ""union fédérative européenne"" ainsi que la Société des Nations (SDN).",https://gallica.bnf.fr/ark:/12148/bpt6k887188k/f115.image
André Colet,,91,Personne,Documentaliste,Homme,1896,1978,Belgique,"enseignant, bibliothécaire",Il a été le secrétaire général du Palais Mondial-Mundaneum après y avoir constibué de nombreuses années. Il fera également d'importants legs à l'institution.,
Annie Besant,,92,Personne,Militant,Femme,1847,1933,Royaume-Uni,"Essayiste, femme politique, journaliste","Annie Besant était une femme politique et théosophe. Elle poursuivit une carrière politique engagée dans la lutte ouvrière, le droit des femmes, la liberté d'opinion et enfin pour l'indépendance de l'Inde. Après ses études en sciences au University College de Londres, elle dispensa des cours publics d'éducation populaire. Elle sera à l'initiative de la  rencontre  entre Otlet, Delville et Khrisnamurti.",https://fr.wikipedia.org/wiki/Annie_Besant
Charles Langlois,,93,Personne,Bibliothécaire,Homme,1863,1929,France,historien,"Il entreprend un parcours universitaire dans le domaine de l'histoire et devient directeur des Archives nationales entre 1922 et 1923. Il est élu à l'Académie des inscriptions et belles-lettres en 1917 et la préside en 1925. Entre-temps, il présidera la Société de l'Histoire de France. En tant que juriste, archiviste et intellectuel rayonnant dans le domaine de la connaissance, il s'intéresse aux projets d'Otlet mais il le trouve mégalomane. Il est donc plutôt un adversaire.",https://fr.wikipedia.org/wiki/Charles-Victor_Langlois
Charles Ami Cutter,,94,Personne,Chercheur,Homme,1837,1903,Etats-Unis,bibliothécaire,"Charles souhaitant entrer dans les ordres, il occupe un poste à la bibliothèque de la Havard Divine School en 1856. Sa carrière le mène à devenir un spécialiste des bibliothèques : il devient conservateur en chef et travaille sur sa propre technique de classification, l'Expansive Classification, qui le mènera à entrer en conflit avec Melvil Dewey.",https://www.reseau-canope.fr/savoirscdi/societe-de-linformation/le-monde-du-livre-et-de-la-presse/histoire-du-livre-et-de-la-documentation/biographies/charles-ammi-cutter-1837-1903-bibliothecaire-americain-pere-de-lexpansive-classification.html
Désiré-Joseph Mercier,,95,Personne,Militant,Homme,1851,1926,Belgique,"théologien, philosophe","Souvent appelé ""cardinal Mercier"", il est précurseur de l'œcuménisme : rassemblement des différents courants du christianisme, en dépit de leurs différences doctrinales. Alors que la Belgique est occupée par les Allemands, il devient une figure de la résistance morale qu'il incarne dans le pays.",https://fr.wikipedia.org/wiki/D%C3%A9sir%C3%A9-Joseph_Mercier
Fellows Dorkas,,96,Personne,Bibliothécaire,Femme,1873,1938,Etats-Unis,"auteure, enseignante","Elle est auteure et enseigante en catalogage à l'école New York State Library School. Elle a rédigé la Classification Décimal de Melvil Dewey de 1921 à 1937, soit 13 éditions, dont la dernière publiée en 1932 comptant 1 647 pages. Elle meurt durant la préparation de la 14ème édition.",https://en.wikipedia.org/wiki/Jennie_Dorcas_Fellows
Franz Funck-Brentano,,97,Personne,Opposant,Homme,1862,1947,France,"archiviste, dramaturge, journaliste`","Il catalogue des documents historiques et étudie le Moyen-Âge, L'Ancien Régime, la vie parisienne et d'autres thématiques. Il est amené à étudier la diffusion de la littérature française outre-Atlantique. Présent dans de hautes institutions intellectuelles, il devient conférencier à ce sujet dans de nombreux pays d'Europe et du monde.",https://fr.wikipedia.org/wiki/Frantz_Funck-Brentano
Gabriel Tarde,,98,Personne,Chercheur,Homme,1843,1904,France,"sociologue, psychologue social","Jean-Gabriel Tarde est un magistrat et spécialiste de la psychologie sociale. Il rejette la théorie selon laquelle la criminalité serait un phénomène physique, lui préférant les aspects sociologiques et psychologiques. Il devient ainsi l'un des premiers penseurs de la criminologie moderne, mais il est éclipsé au profit de l'école durkheimienne, autre grand penseur de ce domaine en ce temps.",https://fr.wikipedia.org/wiki/Gabriel_Tarde
Gonzague de Reynold,,99,Personne,Théoricien de l'helvétisme,Homme,1880,1970,Suisse,"écrivain, historien","Alors que la Suisse est entrainée dans un conflit interne entre germanophiles et francophiles, Gonzague de Reynold se donne pour mission de réaffirmer et redéfinir l'identité suisse (helvétisme) pour préserver l'indépendance du pays. Il rejoint également plusieurs institution internationales intellectuelles comme à la Société des Nations. Antimondialiste et conservateur, il est hostile aux projets de Paul Otlet.",https://fr.wikipedia.org/wiki/Gonzague_de_Reynold
Guilaume De Greef,,100,Personne,Chercheur,Homme,1842,1924,Belgique,"sociologue, universitaire","Professeur agrégé à la Faculté de droit et professeur à l'École des sciences sociales de l'Université nouvelle de Bruxelles, il fonda avec Hector Denis le journal La liberté pour défendre les thèses proudhoniennes. Positiviste, il s'inspira des idées d'Herbert Spencer et de Karl Marx.",https://fr.wikipedia.org/wiki/Guillaume_De_Greef
Hendrik de Man,,101,Personne,Opposant,Homme,1885,1953,Belgique,"universitaire, homme politique","Militant marxiste, il multiplie les actions militantes et intégre la direction du Parti ouvrier belge (POB). En tant que ministre belge des Travaux publics, puis des Finances, il lance le Plan du Travail pour endiguer le fascisme grandissant, en vain. Pendant l'occupation de la Belgique, il conseillera le roi, encourageant à la collaboration avec les nazis. Il s'exile avant d'être retrouvé et jugé pour avoir ""servi la politique et les desseins de l'ennemi"".",https://fr.wikipedia.org/wiki/Henri_de_Man
Henry Evelyn Bliss,,102,Personne,Opposant,Homme,1870,1955,Etats-Unis,bibliothécaire,"Il est l’inventeur d’un système de classement documentaire alternatif, en rupture avec les systèmes de classifications traditionnels, selon lui, arrêtés à une série de disciplines et dont le mode de référencement est vertical, limitant les références transdisciplinaires. La Bibliographic Classification est publiée en 1940.",https://fr.wikipedia.org/wiki/Henry_Evelyn_Bliss
Igor Platounoff,,103,Personne,Collaborateur,Homme,1917,,Belgique,"architecte, musicien","Il est architecte dans plusieurs pays, notamment en Irak, aux États-Unis et en Europe où il collabore avec Le Corbusier et d'autres pairs. Il aide Paul Otlet à plusieurs reprises au niveau logistique.",
Jules Destree,,104,Personne,Militant,Homme,1863,1936,Belgique,"homme politique, juriste","Jules Destrée mène une carrière politique au sein du Parti Ouvrier Belge (POB). Il effectue durant la Première Guerre mondiale différentes missions diplomatiques dans le monde. À la fin du conflit, il officie comme Ministre des Arts et des Sciences et créée l'Académie royale de langue et de littérature françaises de Belgique. Il milite également pour l'autonomie culturelle de la Flandre et de la Wallonie.",https://fr.wikipedia.org/wiki/Jules_Destr%C3%A9e
Julian Huxley,,105,Personne,Chercheur,Homme,1887,1975,Royaume-Uni,biologiste,"Il est le premier directeur de la United Nations Educational, Scientific and Cultural Organization (UNESCO) et a fondé le World Wildlife Fund (WWF). Humaniste, il collabore avec John Dewey et Albert Einstein pour fonder la First Humanist Society de New York. Il est aussi un grand partisan de l'eugénisme ""de gauche"" comme moyen d'amélioration des conditions sociales de la population humaine.",https://fr.wikipedia.org/wiki/Julian_Huxley
Maria Van Mons,,106,Personne,Mère de Paul Otlet,Femme,,1866,Belgique,Famille,"Mère biologique de Paul Otlet et première femme de son père, Edouard Otlet. Elle meurt trois ans après la naissance de son fils.",https://books.google.fr/books?id=I0vcDwAAQBAJ&pg=PT12&lpg=PT12&dq=Maria+Van+Mons+mundaneum&source=bl&ots=beageS0vpL&sig=ACfU3U2Z6eM-kaOsGjdoDGYdUyh1qSL2VQ&hl=fr&sa=X&ved=2ahUKEwj2k4em8pzpAhVWDmMBHcaRD-YQ6AEwAXoECAkQAQ#v=onepage&q=Maria%20Van%20Mons%20mundaneum&f=false
Nitobe Inazo,,107,Personne,Diplomate,Homme,1862,1933,Japon,"éducateur, agronome, juriste","Il devient le premier secrétaire général adjoint de la Société des Nations à sa création en 1920, puis le directeur de la Section des bureaux internationaux qui donnera plus tard l'Organisation des Nations unies pour l'éducation, la science et la culture (Unesco). C’était aussi un fervent chrétien qui mit tout en œuvre pour améliorer la position du Japon dans le monde.",https://fr.wikipedia.org/wiki/Nitobe_Inaz%C5%8D
Octave Van Rysselberghe,,108,Personne,Architecte,Homme,1855,1929,Belgique,architecte,"C'est un architecte issu du mouvement de l'Art nouveau. Il participe à la conception de nombreux hôtels touristiques, mais aussi pour des particuliers comme avec l'Hôtel De Brouckère et l'Hôtel Otlet, construit de 1894 à 1898 pour le juriste.",https://fr.wikipedia.org/wiki/Octave_Van_Rysselberghe
Paul Panda Farnana,,109,Personne,Militant,Homme,1888,1930,Congo,agronome,"Premier Congolais à avoir terminé ses études supérieures en Belgique, il revient au pays comme ""ingénieur d'agriculture coloniale"", mais aussi nationaliste dénonçant avec virulence les méthodes coloniales mises en place par les Belges. Il réclame plus d'égalité et l'accès aux instances décisionnelles belges aux congolais. Il organise avec Paul Otlet et W.E.B Dubois le Deuxième Congrès Panafricain.",https://fr.wikipedia.org/wiki/Paul_Panda_Farnana
Raphaël Deville,,110,Personne,Artiste,Homme,1894,1970,Belgique,architecte,"Avec les architectes Le Corbusier et Stanislas Jasinski, il participe à élaborer les plans de la Cité Mondial-Mundaneum.",https://www.google.com/url?sa=t&rct=j&q=&esrc=s&source=web&cd=1&ved=2ahUKEwiAhv-s75zpAhWZCWMBHRbxDUkQFjAAegQIARAB&url=https%3A%2F%2Fwww.griffith.edu.au%2F__data%2Fassets%2Fpdf_file%2F0036%2F349776%2FS16_02_Van-Acker_Opening-the-Shrine-of-the-Mundaneum.pdf&usg=AOvVaw312u9cUmW2rCnae2uOmfjE
René Worms,,111,Personne,Homme politique,Homme,1869,1926,France,"sociologue, économiste","Il est agrégé de philisophie et fondateur de la Société de Sociologie de Paris. Il participera largement à structurer et constituer sa discipline en tant que science autonome. Il fonda en janvier 1893 la Revue Internationale de Sociologie. Toutefois, il est concurrencé par ses pairs qui divisent ce champ scientifique en plusieurs branches.",https://fr.wikipedia.org/wiki/Ren%C3%A9_Worms
Rodolph Carnap,,112,Personne,Chercheur,Homme,1891,1970,Allemagne,philosophe,"Philosophe et mathématicien allemand, il étudie également la physique. Il fuit le nazisme jusqu'aux États-Unis et se consacre à la philosophie des sciences et à la logique :  il va largement travailler sur l'influence du langage sur le sens ainsi que sur la pensée analytique imaginant  même un projet d'arbre généalogique des concepts scientifiques.",https://fr.wikipedia.org/wiki/Rudolf_Carnap
Samuel Clement Bradford,,113,Personne,Chercheur,Homme,1878,1948,Royaume-Uni,"mathématicien, bibliothécaire et documentaliste","Ce mathématicien et bibliothécaire britannique a élaboré la ""loi de Bradford"" (ou ""loi de la dispersion"") ouvrant la voie de la bibliométrie et de l'analyse des citations dans les publications scientifiques. Il fonde la British Society for International Bibliography (BSIB) et est nommé président de la Fédération internationale d'information et de documentation (FID).",https://en.wikipedia.org/wiki/Samuel_C._Bradford
Stanislas Jasinski,,114,Personne,Chercheur,Homme,1901,1978,Belgique,architecte,"Apprenti architecte, il arrive après la Première Guerre mondiale dans les régions dévastées du Nord de la France. Il voit dans les lambeaux restants des villes une leçon d'anatomie urbanistique. De 1923 à 1924 il travaille à Paris chez plusieurs architectes, dont Charles-Édouard Jeanneret-Gris, dit ""Le Corbusier"". Il travaille plus tard sur de grands ouvrages dont les plans de la cité du Mundaneum.",https://fr.wikipedia.org/wiki/Stanislas_Jasinski
Valérie Linden,,115,Personne,Seconde épouse d'Édouard Otlet,Femme,1851,1944,Belgique,famille,Belle-mère de Paul Otlet et seconde épouse d'Édouard Otlet.,https://www.kaowarsom.be/en/notices_linden_jean
Warden Boyd Rayward,,116,Personne,Chercheur,Homme,1905,,Australie,"libraire, universitaire",Warden Boyd Rayward est chercheur en bibliotéconomie. Il obtient son doctorat et soutient sa thèse en 1973 au sujet de Paul Otlet. Il lui dédie plusieurs articles au cours de sa carrière entre les États-Unis et l'Europe.,https://en.wikipedia.org/wiki/W._Boyd_Rayward
William DuBois,,117,Personne,Militant,Homme,1868,1963,Etats-Unis,"sociologue, historien, militant","Premier afro-américain à obtenir un doctorat à l'Université Harvard, socialiste et pacifiste convaincu, il voyage dans le monde. Il combat le colonialisme, l'impérialisme que ce soit en Afrique ou en Asie. Il milite pour l'égalité des droits pour les Noirs et organise avec Paul Otlet et Paul Panda Farnana le Deuxième Congrès Panafricain.",https://fr.wikipedia.org/wiki/W._E._B._Du_Bois
Godfrey Dewey,,118,Personne,Bibliothécaire,Homme,1887,1977,Etats-Unis,Bibliothécaire  et sportif ,Bibliothécaire et sportif américain qui va poursuivre le développement de la CDD de son père. Il va également nouer des relations collaboratives avec Otlet pour rapprocher les deux classifications.,https://fr.wikipedia.org/wiki/Godfrey_Dewey
UFOD,,119,Institution,Union française des organismes de documentation,,1932,,France,Documentation,Dispense des formations pour les documentalistes,
Jean Gérard,,120,Personne,Bibliothécaire,Homme,1890,1956,France,"Bibliothéque, IST","Vice-président délégué de la Société de chimie industrielle, président de la Commission permanente d'organisation des congrès internationaux de chimie industrielle, directeur général de la Société de productions documentaires, il est également directeur de périodiques scientifiques et techniques.",
Georges B. Artsrouni,,121,Personne,"Ingénieur et inventeur du ""cerveau mécanique""",Homme,1893,1960,France,ingénierie,"Ingénieur français d'origine arménienne, il a étudié à St. Pétersbourg. En 1933, il obtient un brevet pour ce qu'il appelle lui-même son ""cerveau mécanique"". C'était un appareil universel avec de nombreuses utilisations. Ce n'était pas à l'origine une calculatrice mais un dispositif de mémoire universel capable de récupérer et d'imprimer des informations stockées. Artsrouni a suggéré que le dispositif pourrait être utilisé pour produire automatiquement des horaires de train, des annuaires téléphoniques, des codes télégraphiques commerciaux, des relevés bancaires et même des annuaires anthropométriques. Il a été avancé que le dispositif convenait à une utilisation en cryptographie, pour déchiffrer et encoder des messages, ainsi que pour la traduction.",
Union des associations internationales,,122,Institution,Organisation non gouvernementale,,1907,,Belgique,"internationalisme, paix","C'est est une organisation non gouvernementale créée par Paul Otlet et Henri La Fontaine. Actuellement, cette structure est sous le mandat des Nations unies. L'une des activités principales de cette institution est la publication d'un annuaire qui relatent toutes les activités internationales.",https://fr.wikipedia.org/wiki/Union_des_associations_internationales
Auguste Couvreur,,123,Personne,Homme politique,Homme,1827,1894,Belgique,"Politique, Enseignement, Sociologie","Homme politique libéral, Auguste Couvreur occupe plusieurs positions importantes durant sa vie : fondateur de la Société d'études sociales et politique, président de la Ligue de l'Enseignement, grand maître du Grand Orient de Belgique. Il rencontre Henri La Fontaine aux Amis Philanthropes.",https://fr.wikipedia.org/wiki/Auguste_Couvreur
Les Amis Philanthropes,,124,Institution,Loge maçonnique belge,,1798,,Belgique,Franc-maçonnerie,"Les Amis philanthropes (AP) est le nom d'une des deux plus anciennes loges maçonniques de Bruxelles, elle fait partie du Grand Orient de Belgique. C'est dans cette loge que sont jetés les bases du libéralisme, de l'anticléricalisme et de l'athéisme militants. ",https://fr.wikipedia.org/wiki/Les_Amis_philanthropes
Musée du livre,,125,Institution,Un musée préfigurateur,,1906,1950,Belgique,"Musée, Livre","Le Musée du livre connaît un début florissant avec de nombreux soutiens. Otlet en est le directeur et fer de lance, avant de peu à peu perdre son emprise. ",
Jean Capart,,126,Personne,"Egyptologue, conservateur de musée et acteur de la fermeture du Mundaneum.",Homme,1877,1947,Belgique,Musée,Egyptologue et conservateur de musées qui se plaint de l'influence d'Otlet et de son occupation du Palais du cinquantenaire. Il est un de ceux qui participent à la fermeture du Mundaneum en 1934.,https://fr.wikipedia.org/wiki/Jean_Capart
Ernest de Potter,,127,Personne,Collectionneur d'image ,Homme,,,,"Musée, Photographie",Acteur du musée de la photographie,
Mary Kelsey,,128,Personne,Militante internationale en faveur du pacifisme et du féminisme,Femme,1877,1948,Etats-Unis,"féminisme internationalisme, pacifisme","Mary  Kelsey  est une militante internationaliste, pacifiste et féministe et philanthrope américaine. Elle participe, avec son mari le professeur d'économie Francis W. Kelsey à des activités auprès du Belgian Relief Fund lors du premier conflit mondial. Dans les années 20 elle est la co-organisatrice des conférence d’été de Honfleur avec Jeanne Mélin (féministe francaise). Ces rencontres ayant lieu lors des étés 1923, 1925,1925, doivent favoriser la coopération intellectuelle entre les nations, soustraire les jeunes générations à l’emprise de la guerre en dissipant les malentendus véhiculés par les propagandes nationales. Paul Otlet dans son testament lui écrit une lettre du 27/12/1938 (jamais envoyée) lui demandant si des institutions américaines seraient susceptibles de recueillir son leg intellectuel (Palais Mondial, Mundaneum).",https://hyperotlet-collections.huma-num.fr/s/site/item/695
